﻿<DataObject comparison="Ordinal">
  <Section id="">
    <Subsections>
      <Section id="General">
        <Subsections />
        <Entries>
          <Entry key="ElapsedTime">
            <double>9.8738476</double>
          </Entry>
          <Entry key="StartedAt">
            <dateTime>2024-07-15T10:38:03.5032499+00:00</dateTime>
          </Entry>
          <Entry key="EndedAt">
            <dateTime>2024-07-15T10:38:13.3770975+00:00</dateTime>
          </Entry>
          <Entry key="ReplayStatus">
            <LastReplayRunStatus>Passed</LastReplayRunStatus>
          </Entry>
          <Entry key="NumberOfReplayErrors">
            <int>0</int>
          </Entry>
          <Entry key="NumberOfReplayCriticalErrors">
            <int>0</int>
          </Entry>
          <Entry key="NumberOfCompilationErrors">
            <int>0</int>
          </Entry>
        </Entries>
      </Section>
    </Subsections>
    <Entries>
      <Entry key="Iterations">
        <int>3</int>
      </Entry>
    </Entries>
  </Section>
</DataObject>