<?xml version="1.0" encoding="utf-8"?>
<VugenScriptMetadata>
  <ScriptName>2164005_TASK1</ScriptName>
  <Protocol>Web - HTTP/HTML</Protocol>
  <ActionFiles>
    <FileEntry Name="vuser_init.c" Filter="2" />
    <FileEntry Name="Action.c" Filter="2" />
    <FileEntry Name="vuser_end.c" Filter="2" />
  </ActionFiles>
  <GeneralFiles>
    <FileEntry Name="2164005_TASK1.usr" Filter="4" />
    <FileEntry Name="default.cfg" Filter="4" />
    <FileEntry Name="default.usp" Filter="4" />
    <FileEntry Name="2164005_TASK1.prm" Filter="2" />
    <FileEntry Name="globals.h" Filter="2" />
    <FileEntry Name="p_add.dat" Filter="2" />
    <FileEntry Name="p_name.dat" Filter="2" />
    <FileEntry Name="Bookmarks.xml" Filter="1" />
    <FileEntry Name="Breakpoints.xml" Filter="1" />
    <FileEntry Name="CompilerLogMetadata.xml" Filter="1" />
    <FileEntry Name="custom_body_variables.txt" Filter="1" />
    <FileEntry Name="full_name" Filter="1" />
    <FileEntry Name="logfile.log" Filter="1" />
    <FileEntry Name="lrw_custom_body.h" Filter="1" />
    <FileEntry Name="mdrv.log" Filter="1" />
    <FileEntry Name="mdrvGoQ.199.log" Filter="1" />
    <FileEntry Name="mdrvIva.853.log" Filter="1" />
    <FileEntry Name="mdrvo1B.871.log" Filter="1" />
    <FileEntry Name="mdrvsGR.183.log" Filter="1" />
    <FileEntry Name="mdrvsSu.845.log" Filter="1" />
    <FileEntry Name="mdrvtrR.835.log" Filter="1" />
    <FileEntry Name="mdrvxnt.95.log" Filter="1" />
    <FileEntry Name="mdrvxRb.525.log" Filter="1" />
    <FileEntry Name="mdrvZec.499.log" Filter="1" />
    <FileEntry Name="mdrv_cmd.txt" Filter="1" />
    <FileEntry Name="options.txt" Filter="1" />
    <FileEntry Name="output.bak" Filter="1" />
    <FileEntry Name="output.txt" Filter="1" />
    <FileEntry Name="OutputColoringDatabase.json" Filter="1" />
    <FileEntry Name="p_addr.dat" Filter="1" />
    <FileEntry Name="p_address.dat" Filter="1" />
    <FileEntry Name="p_city.dat" Filter="1" />
    <FileEntry Name="p_passwd.dat" Filter="1" />
    <FileEntry Name="ReplaySummaryReport.xml" Filter="1" />
    <FileEntry Name="ScriptUploadMetadata.xml" Filter="1" />
    <FileEntry Name="TASK_1.prm.bak" Filter="1" />
    <FileEntry Name="ThumbnailsCache.tmp" Filter="1" />
    <FileEntry Name="UserTasks.xml" Filter="1" />
    <FileEntry Name="data\" Filter="1" />
    <FileEntry Name="result1\" Filter="1" />
  </GeneralFiles>
</VugenScriptMetadata>